<?xml version="1.0" encoding="ISO-8859-1" standalone="no" ?>
<covid19ByAgeDateAtDate lastUpdateDate="2021-04-12T13:27:49Z">
  <byAgeRange>
    <ageRange population="190667" womenPopulation="93085" menPopulation="97582" positiveCount="11932" positiveWomenCount="5883" positiveMenCount="6049" positivesByPopulationRate="6258.0312" positivesByWomenPopulationRate="6320.0303" positivesByMenPopulationRate="6198.889" positivesByPopulationPercentage="0.068774715" deceasedCount="1" deceasedWomenCount="0" deceasedMenCount="1" lethalityRate="8.381E-5" lethalityWomenRate="0.0" lethalityMenRate="2.4534E-4"><![CDATA[0 - 9 ]]></ageRange>
    <ageRange population="210862" womenPopulation="101692" menPopulation="109170" positiveCount="19337" positiveWomenCount="9383" positiveMenCount="9953" positivesByPopulationRate="9170.453" positivesByWomenPopulationRate="9226.881" positivesByMenPopulationRate="9116.974" positivesByPopulationPercentage="0.111456305" deceasedCount="0" deceasedWomenCount="0" deceasedMenCount="0" lethalityRate="0.0" lethalityWomenRate="0.0" lethalityMenRate="0.0"><![CDATA[10-19]]></ageRange>
    <ageRange population="199866" womenPopulation="98373" menPopulation="101493" positiveCount="20112" positiveWomenCount="10423" positiveMenCount="9685" positivesByPopulationRate="10062.742" positivesByWomenPopulationRate="10595.387" positivesByMenPopulationRate="9542.53" positivesByPopulationPercentage="0.115923315" deceasedCount="3" deceasedWomenCount="1" deceasedMenCount="2" lethalityRate="1.4916E-4" lethalityWomenRate="1.173E-4" lethalityMenRate="2.6031E-4"><![CDATA[20 - 29 ]]></ageRange>
    <ageRange population="258272" womenPopulation="128980" menPopulation="129292" positiveCount="21221" positiveWomenCount="11550" positiveMenCount="9665" positivesByPopulationRate="8216.531" positivesByWomenPopulationRate="8954.877" positivesByMenPopulationRate="7475.327" positivesByPopulationPercentage="0.12231547" deceasedCount="12" deceasedWomenCount="5" deceasedMenCount="7" lethalityRate="5.6548E-4" lethalityWomenRate="5.4413E-4" lethalityMenRate="9.2838E-4"><![CDATA[30 - 39 ]]></ageRange>
    <ageRange population="358698" womenPopulation="177352" menPopulation="181346" positiveCount="28520" positiveWomenCount="15039" positiveMenCount="13479" positivesByPopulationRate="7950.978" positivesByWomenPopulationRate="8479.746" positivesByMenPopulationRate="7432.753" positivesByPopulationPercentage="0.1643861" deceasedCount="35" deceasedWomenCount="11" deceasedMenCount="24" lethalityRate="0.001227209" lethalityWomenRate="9.3897E-4" lethalityMenRate="0.002338953"><![CDATA[40 - 49 ]]></ageRange>
    <ageRange population="336769" womenPopulation="170989" menPopulation="165780" positiveCount="26812" positiveWomenCount="14157" positiveMenCount="12651" positivesByPopulationRate="7961.5405" positivesByWomenPopulationRate="8279.4795" positivesByMenPopulationRate="7631.1978" positivesByPopulationPercentage="0.15454137" deceasedCount="87" deceasedWomenCount="34" deceasedMenCount="53" lethalityRate="0.003244816" lethalityWomenRate="0.002985599" lethalityMenRate="0.005404303"><![CDATA[50 - 59 ]]></ageRange>
    <ageRange population="277319" womenPopulation="145053" menPopulation="132266" positiveCount="17223" positiveWomenCount="8518" positiveMenCount="8696" positivesByPopulationRate="6210.537" positivesByWomenPopulationRate="5872.3364" positivesByMenPopulationRate="6574.63" positivesByPopulationPercentage="0.09927145" deceasedCount="296" deceasedWomenCount="86" deceasedMenCount="210" lethalityRate="0.017186321" lethalityWomenRate="0.01261552" lethalityMenRate="0.03046569"><![CDATA[60 - 69 ]]></ageRange>
    <ageRange population="210914" womenPopulation="115791" menPopulation="95123" positiveCount="11351" positiveWomenCount="5737" positiveMenCount="5614" positivesByPopulationRate="5381.8145" positivesByWomenPopulationRate="4954.6167" positivesByMenPopulationRate="5901.8325" positivesByPopulationPercentage="0.065425895" deceasedCount="733" deceasedWomenCount="238" deceasedMenCount="495" lethalityRate="0.064575806" lethalityWomenRate="0.051716644" lethalityMenRate="0.10862409"><![CDATA[70 - 79 ]]></ageRange>
    <ageRange population="124844" womenPopulation="77854" menPopulation="46990" positiveCount="9620" positiveWomenCount="5938" positiveMenCount="3681" positivesByPopulationRate="7705.6167" positivesByWomenPopulationRate="7627.0967" positivesByMenPopulationRate="7833.5815" positivesByPopulationPercentage="0.055448603" deceasedCount="1693" deceasedWomenCount="811" deceasedMenCount="882" lethalityRate="0.17598753" lethalityWomenRate="0.15744516" lethalityMenRate="0.28071293"><![CDATA[80 - 89 ]]></ageRange>
    <ageRange population="31500" womenPopulation="23326" menPopulation="8174" positiveCount="4255" positiveWomenCount="3223" positiveMenCount="1032" positivesByPopulationRate="13507.937" positivesByWomenPopulationRate="13817.199" positivesByMenPopulationRate="12625.397" positivesByPopulationPercentage="0.024525344" deceasedCount="1166" deceasedWomenCount="797" deceasedMenCount="369" lethalityRate="0.27403057" lethalityWomenRate="0.27444905" lethalityMenRate="0.41460675"><![CDATA[M�s de 90 edo gehiago]]></ageRange>
    <ageRange population="0" womenPopulation="0" menPopulation="0" positiveCount="3111" positiveWomenCount="1644" positiveMenCount="1453" positivesByPopulationRate="0.0" positivesByWomenPopulationRate="0.0" positivesByMenPopulationRate="0.0" positivesByPopulationPercentage="0.017931456" deceasedCount="0" deceasedWomenCount="0" deceasedMenCount="0" lethalityRate="0.0" lethalityWomenRate="0.0" lethalityMenRate="0.0"><![CDATA[No consta]]></ageRange>
  </byAgeRange>
  <totals population="2199711" womenPopulation="1132495" menPopulation="1067216" positiveCount="173494" positiveWomenCount="91495" positiveMenCount="81958" positivesByPopulationRate="7887.127" positivesByWomenPopulationRate="8079.0645" positivesByMenPopulationRate="7679.6074" positivesByPopulationPercentage="1.0" deceasedCount="4049" deceasedWomenCount="1999" deceasedMenCount="2050" lethalityRate="0.023337983" lethalityWomenRate="0.027636454" lethalityMenRate="0.032501508"/>
  <allAgeRanges>
    <anAgeRange>0 - 9 </anAgeRange>
    <anAgeRange>10-19</anAgeRange>
    <anAgeRange>20 - 29 </anAgeRange>
    <anAgeRange>30 - 39 </anAgeRange>
    <anAgeRange>40 - 49 </anAgeRange>
    <anAgeRange>50 - 59 </anAgeRange>
    <anAgeRange>60 - 69 </anAgeRange>
    <anAgeRange>70 - 79 </anAgeRange>
    <anAgeRange>80 - 89 </anAgeRange>
    <anAgeRange>M�s de 90 edo gehiago</anAgeRange>
    <anAgeRange>No consta</anAgeRange>
  </allAgeRanges>
  <positiveCounts>
    <positiveCount>11932</positiveCount>
    <positiveCount>19337</positiveCount>
    <positiveCount>20112</positiveCount>
    <positiveCount>21221</positiveCount>
    <positiveCount>28520</positiveCount>
    <positiveCount>26812</positiveCount>
    <positiveCount>17223</positiveCount>
    <positiveCount>11351</positiveCount>
    <positiveCount>9620</positiveCount>
    <positiveCount>4255</positiveCount>
    <positiveCount>3111</positiveCount>
  </positiveCounts>
  <psitiveWomenCounts>
    <positiveWomenCount>5883</positiveWomenCount>
    <positiveWomenCount>9383</positiveWomenCount>
    <positiveWomenCount>10423</positiveWomenCount>
    <positiveWomenCount>11550</positiveWomenCount>
    <positiveWomenCount>15039</positiveWomenCount>
    <positiveWomenCount>14157</positiveWomenCount>
    <positiveWomenCount>8518</positiveWomenCount>
    <positiveWomenCount>5737</positiveWomenCount>
    <positiveWomenCount>5938</positiveWomenCount>
    <positiveWomenCount>3223</positiveWomenCount>
    <positiveWomenCount>1644</positiveWomenCount>
  </psitiveWomenCounts>
  <positiveMenCounts>
    <positiveMenCount>6049</positiveMenCount>
    <positiveMenCount>9953</positiveMenCount>
    <positiveMenCount>9685</positiveMenCount>
    <positiveMenCount>9665</positiveMenCount>
    <positiveMenCount>13479</positiveMenCount>
    <positiveMenCount>12651</positiveMenCount>
    <positiveMenCount>8696</positiveMenCount>
    <positiveMenCount>5614</positiveMenCount>
    <positiveMenCount>3681</positiveMenCount>
    <positiveMenCount>1032</positiveMenCount>
    <positiveMenCount>1453</positiveMenCount>
  </positiveMenCounts>
  <positivesByPopulationRates>
    <positivesByPopulationRate>6258.0312</positivesByPopulationRate>
    <positivesByPopulationRate>9170.453</positivesByPopulationRate>
    <positivesByPopulationRate>10062.742</positivesByPopulationRate>
    <positivesByPopulationRate>8216.531</positivesByPopulationRate>
    <positivesByPopulationRate>7950.978</positivesByPopulationRate>
    <positivesByPopulationRate>7961.5405</positivesByPopulationRate>
    <positivesByPopulationRate>6210.537</positivesByPopulationRate>
    <positivesByPopulationRate>5381.8145</positivesByPopulationRate>
    <positivesByPopulationRate>7705.6167</positivesByPopulationRate>
    <positivesByPopulationRate>13507.937</positivesByPopulationRate>
    <positivesByPopulationRate>0.0</positivesByPopulationRate>
  </positivesByPopulationRates>
  <positivesByWomenPopulationRates>
    <positivesByWomenPopulationRate>6320.0303</positivesByWomenPopulationRate>
    <positivesByWomenPopulationRate>9226.881</positivesByWomenPopulationRate>
    <positivesByWomenPopulationRate>10595.387</positivesByWomenPopulationRate>
    <positivesByWomenPopulationRate>8954.877</positivesByWomenPopulationRate>
    <positivesByWomenPopulationRate>8479.746</positivesByWomenPopulationRate>
    <positivesByWomenPopulationRate>8279.4795</positivesByWomenPopulationRate>
    <positivesByWomenPopulationRate>5872.3364</positivesByWomenPopulationRate>
    <positivesByWomenPopulationRate>4954.6167</positivesByWomenPopulationRate>
    <positivesByWomenPopulationRate>7627.0967</positivesByWomenPopulationRate>
    <positivesByWomenPopulationRate>13817.199</positivesByWomenPopulationRate>
    <positivesByWomenPopulationRate>0.0</positivesByWomenPopulationRate>
  </positivesByWomenPopulationRates>
  <positivesByMenPopulationRates>
    <positivesByMenPopulationRate>6198.889</positivesByMenPopulationRate>
    <positivesByMenPopulationRate>9116.974</positivesByMenPopulationRate>
    <positivesByMenPopulationRate>9542.53</positivesByMenPopulationRate>
    <positivesByMenPopulationRate>7475.327</positivesByMenPopulationRate>
    <positivesByMenPopulationRate>7432.753</positivesByMenPopulationRate>
    <positivesByMenPopulationRate>7631.1978</positivesByMenPopulationRate>
    <positivesByMenPopulationRate>6574.63</positivesByMenPopulationRate>
    <positivesByMenPopulationRate>5901.8325</positivesByMenPopulationRate>
    <positivesByMenPopulationRate>7833.5815</positivesByMenPopulationRate>
    <positivesByMenPopulationRate>12625.397</positivesByMenPopulationRate>
    <positivesByMenPopulationRate>0.0</positivesByMenPopulationRate>
  </positivesByMenPopulationRates>
  <positivesByPopulationPercentages>
    <perecentage>0.068774715</perecentage>
    <perecentage>0.111456305</perecentage>
    <perecentage>0.115923315</perecentage>
    <perecentage>0.12231547</perecentage>
    <perecentage>0.1643861</perecentage>
    <perecentage>0.15454137</perecentage>
    <perecentage>0.09927145</perecentage>
    <perecentage>0.065425895</perecentage>
    <perecentage>0.055448603</perecentage>
    <perecentage>0.024525344</perecentage>
    <perecentage>0.017931456</perecentage>
  </positivesByPopulationPercentages>
  <deceasedCounts>
    <deceasedCount>1</deceasedCount>
    <deceasedCount>0</deceasedCount>
    <deceasedCount>3</deceasedCount>
    <deceasedCount>12</deceasedCount>
    <deceasedCount>35</deceasedCount>
    <deceasedCount>87</deceasedCount>
    <deceasedCount>296</deceasedCount>
    <deceasedCount>733</deceasedCount>
    <deceasedCount>1693</deceasedCount>
    <deceasedCount>1166</deceasedCount>
    <deceasedCount>0</deceasedCount>
  </deceasedCounts>
  <deceasedWomenCounts>
    <deceasedWomenCount>0</deceasedWomenCount>
    <deceasedWomenCount>0</deceasedWomenCount>
    <deceasedWomenCount>1</deceasedWomenCount>
    <deceasedWomenCount>5</deceasedWomenCount>
    <deceasedWomenCount>11</deceasedWomenCount>
    <deceasedWomenCount>34</deceasedWomenCount>
    <deceasedWomenCount>86</deceasedWomenCount>
    <deceasedWomenCount>238</deceasedWomenCount>
    <deceasedWomenCount>811</deceasedWomenCount>
    <deceasedWomenCount>797</deceasedWomenCount>
    <deceasedWomenCount>0</deceasedWomenCount>
  </deceasedWomenCounts>
  <deceasedMenCounts>
    <deceasedMenCount>1</deceasedMenCount>
    <deceasedMenCount>0</deceasedMenCount>
    <deceasedMenCount>2</deceasedMenCount>
    <deceasedMenCount>7</deceasedMenCount>
    <deceasedMenCount>24</deceasedMenCount>
    <deceasedMenCount>53</deceasedMenCount>
    <deceasedMenCount>210</deceasedMenCount>
    <deceasedMenCount>495</deceasedMenCount>
    <deceasedMenCount>882</deceasedMenCount>
    <deceasedMenCount>369</deceasedMenCount>
    <deceasedMenCount>0</deceasedMenCount>
  </deceasedMenCounts>
  <lethalityRates>
    <lethalityRate>8.381E-5</lethalityRate>
    <lethalityRate>0.0</lethalityRate>
    <lethalityRate>1.4916E-4</lethalityRate>
    <lethalityRate>5.6548E-4</lethalityRate>
    <lethalityRate>0.001227209</lethalityRate>
    <lethalityRate>0.003244816</lethalityRate>
    <lethalityRate>0.017186321</lethalityRate>
    <lethalityRate>0.064575806</lethalityRate>
    <lethalityRate>0.17598753</lethalityRate>
    <lethalityRate>0.27403057</lethalityRate>
    <lethalityRate>0.0</lethalityRate>
  </lethalityRates>
  <lethalityWomenRates>
    <lethalityWomenRate>0.0</lethalityWomenRate>
    <lethalityWomenRate>0.0</lethalityWomenRate>
    <lethalityWomenRate>1.173E-4</lethalityWomenRate>
    <lethalityWomenRate>5.4413E-4</lethalityWomenRate>
    <lethalityWomenRate>9.3897E-4</lethalityWomenRate>
    <lethalityWomenRate>0.002985599</lethalityWomenRate>
    <lethalityWomenRate>0.01261552</lethalityWomenRate>
    <lethalityWomenRate>0.051716644</lethalityWomenRate>
    <lethalityWomenRate>0.15744516</lethalityWomenRate>
    <lethalityWomenRate>0.27444905</lethalityWomenRate>
    <lethalityWomenRate>0.0</lethalityWomenRate>
  </lethalityWomenRates>
  <lethalityMenRates>
    <lethalityMenRate>2.4534E-4</lethalityMenRate>
    <lethalityMenRate>0.0</lethalityMenRate>
    <lethalityMenRate>2.6031E-4</lethalityMenRate>
    <lethalityMenRate>9.2838E-4</lethalityMenRate>
    <lethalityMenRate>0.002338953</lethalityMenRate>
    <lethalityMenRate>0.005404303</lethalityMenRate>
    <lethalityMenRate>0.03046569</lethalityMenRate>
    <lethalityMenRate>0.10862409</lethalityMenRate>
    <lethalityMenRate>0.28071293</lethalityMenRate>
    <lethalityMenRate>0.41460675</lethalityMenRate>
    <lethalityMenRate>0.0</lethalityMenRate>
  </lethalityMenRates>
</covid19ByAgeDateAtDate>
