<?xml version="1.0" encoding="UTF-8"?>
<menu>
	<comida>
		<nombre>Macarrones</nombre>
		<precio>$6</precio>
		<categoria>Primer plato</categoria>
		<descripcion>plato de macarrones con queso rallado</descripcion>
		<calorias>650</calorias>
	</comida>
	<comida>
		<nombre>Pastel de limón</nombre>
		<precio>$4</precio>
		<categoria>Postres</categoria>
		<descripcion>Corte de pastel con sabor a limón</descripcion>
		<calorias>900</calorias>
	</comida>
	<comida>
		<nombre>Helado de Vainilla</nombre>
		<precio>$3</precio>
		<categoria>Postres</categoria>
		<descripcion>3 bolas de helado de vainilla</descripcion>
		<calorias>900</calorias>
	</comida>
	<comida>
		<nombre>Pollo al horno</nombre>
		<precio>$7.50</precio>
		<categoria>Segundo plato</categoria>
		<descripcion>Muslo de pollo al horno</descripcion>
		<calorias>600</calorias>
	</comida>
	<comida>
		<nombre>Bacalao</nombre>
		<precio>$6.95</precio>
		<categoria>Segundo plato</categoria>
		<descripcion>plato de bacalao al horno</descripcion>
		<calorias>350</calorias>
	</comida>
	<comida>
		<nombre>Agua</nombre>
		<precio>$2</precio>
		<categoria>Bebida</categoria>
		<descripcion>Botella 33cl</descripcion>
		<calorias>350</calorias>
	</comida>
	<comida>
		<nombre>Vino Negro</nombre>
		<precio>$4</precio>
		<categoria>Bebida</categoria>
		<descripcion>Copa</descripcion>
		<calorias>200</calorias>
	</comida>
	<comida>
		<nombre>Ensalada</nombre>
		<precio>$5</precio>
		<categoria>Primer plato</categoria>
		<descripcion>Ensalada verde</descripcion>
		<calorias>150</calorias>
	</comida>
</menu>